{"count":1,"self":54.5060544,"total":192.41126979999999,"children":{"InitializeActuators":{"count":9,"self":0.0029993,"total":0.0029993,"children":null},"InitializeSensors":{"count":9,"self":0.0020053,"total":0.0020053,"children":null},"AgentSendState":{"count":80167,"self":0.40942019999999996,"total":9.5253639,"children":{"CollectObservations":{"count":144306,"self":7.3091208,"total":7.3091208,"children":null},"WriteActionMask":{"count":144306,"self":0.0505286,"total":0.0505286,"children":null},"RequestDecision":{"count":144306,"self":0.3630424,"total":1.7562943,"children":{"AgentInfo.ToProto":{"count":144306,"self":0.3202374,"total":1.3932518999999999,"children":{"GenerateSensorData":{"count":144306,"self":1.0730145,"total":1.0730145,"children":null}}}}}}},"DecideAction":{"count":80167,"self":126.2299008,"total":126.2299037,"children":null},"AgentAct":{"count":80167,"self":2.1279871999999997,"total":2.1429845,"children":{"AgentInfo.ToProto":{"count":691,"self":0.0059954,"total":0.014997199999999999,"children":{"GenerateSensorData":{"count":691,"self":0.009001799999999999,"total":0.009001799999999999,"children":null}}}}}},"gauges":{"CarAgent.CumulativeReward":{"count":691,"max":1.42850089,"min":-2.57499838,"runningAverage":-0.416974634,"value":1.36700034,"weightedAverage":-0.117561}},"metadata":{"timer_format_version":"0.1.0","start_time_seconds":"1778683764","unity_version":"2022.3.62f3","command_line_arguments":"D:\\unity\\version 2\\2022.3.62f3\\Editor\\Unity.exe -projectpath D:\\unity\\projeler\\Aihomework -useHub -hubIPC -cloudEnvironment production","communication_protocol_version":"1.5.0","com.unity.ml-agents_version":"3.0.0-exp.1","scene_name":"SampleScene","end_time_seconds":"1778683957"}}